<?xml version="1.0" encoding="UTF-8"?>
<modification>
	<name>Fix Image Manager Opencart 3.x</name>
	<version>1.00</version>
	<author>AlexB</author>
	<link>https://alexb.com.ua/</link>
	<code>fiximagemanager</code>
	<file path="admin/view/template/common/filemanager.twig">
		<operation>
		<search><![CDATA[//--></script>]]>
		</search>
		<add position="before"><![CDATA[
			function SetImageDirectory(_this) {
	let img_dir = "";
	$(_this).attr('href').split("&").forEach(function(element){
		if (element.split("=")[0] != "thumb") {
			if (element.split("=")[0] != "target")
				img_dir += element + "&";
		}
	});
	img_dir = img_dir.slice(0, img_dir.length-1)
	$('body').attr('image_directory', img_dir);
}

$('a.directory').on('click', function(e) {
	SetImageDirectory(this)
});

$('#button-parent').on('click', function(e) {
	SetImageDirectory(this)
});

$(document).off('click', 'a[data-toggle=\'image\']');

// Image Manager
$(document).on('click', 'a[data-toggle=\'image\']', function(e) {
	var $element = $(this);
	var $popover = $element.data('bs.popover'); // element has bs popover?

	e.preventDefault();

	// destroy all image popovers
	$('a[data-toggle="image"]').popover('destroy');

	// remove flickering (do not re-add popover when clicking for removal)
	if ($popover) {
		return;
	}

	$element.popover({
		html: true,
		placement: 'right',
		trigger: 'manual',
		content: function() {
			return '<button type="button" id="button-image" class="btn btn-primary"><i class="fa fa-pencil"></i></button> <button type="button" id="button-clear" class="btn btn-danger"><i class="fa fa-trash-o"></i></button>';
		}
	});

	$element.popover('show');
	
	$('#button-image').on('click', function() {
		var $button = $(this);
		var $icon   = $button.find('> i');

		$('#modal-image').remove();

		$.ajax({
			url:  $('body').attr('image_directory') !== undefined ? $('body').attr('image_directory') + '&target=' + $element.parent().find('input').attr('id') + '&thumb=' + $element.attr('id') : 'index.php?route=common/filemanager&user_token=' + getURLVar('user_token') + '&target=' + $element.parent().find('input').attr('id') + '&thumb=' + $element.attr('id'),
			dataType: 'html',
			beforeSend: function() {
				$button.prop('disabled', true);
				if ($icon.length) {
					$icon.attr('class', 'fa fa-circle-o-notch fa-spin');
				}
			},
			complete: function() {
				$button.prop('disabled', false);

				if ($icon.length) {
					$icon.attr('class', 'fa fa-pencil');
				}
			},
			success: function(html) {
				$('body').append('<div id="modal-image" class="modal">' + html + '</div>');

				$('#modal-image').modal('show');
			}
		});

		$element.popover('destroy');
	});

	$('#button-clear').on('click', function() {
		$element.find('img').attr('src', $element.find('img').attr('data-placeholder'));

		$element.parent().find('input').val('');

		$element.popover('destroy');
	});
});
			]]>
		</add>
		</operation>
	</file>
</modification>